Swap(address,address,int256,int256,uint160,uint128,int24)
LogFeeTransfer(address,address,address,uint256,uint256,uint256,uint256,uint256)
Fee(uint16)
EventClaim(uint256,uint256,uint256,address,address)
OrderCancelled(bytes32,address,address)
CreditChainPath(uint16,uint256,uint256,uint256)
SwapRemote(address,uint256,uint256,uint256)
ActionDone(uint8,address,bool,string)
LogTransfer(address,address,address,uint256,uint256,uint256,uint256,uint256)
SubActionDone(uint8,address,bool,string)
SendToken(address,uint256,address)
RangoBridgeCompleted(address,address,address,address,uint256,uint8,uint16)
LootboxOpened(uint256,uint256,address)
Initialized(uint64)
AccountDeployed(bytes32,address,address,address)
UserOperationEvent(bytes32,address,address,uint256,bool,uint256,uint256)
BeforeExecution()
Swap(bytes32,address,address,uint256,uint256)
BridgeFill(bytes32,address,address,uint256,uint256)
TransformedERC20(address,address,address,uint256,uint256)
SwapExecuted(address,address,uint256,address,uint256)
Refund(address,uint256,address)
SubmittedBid(uint256,address,address,bytes32)
CollateralCommitted(uint256,uint8,address,uint256,uint256)
CollateralDeposited(uint256,uint8,address,uint256,uint256)
CollateralEscrowDeployed(uint256,address)
AcceptedBid(uint256,address)
FeePaid(uint256,string,uint256)
ExercisedCommitment(uint256,address,uint256,uint256)
NewTransmission(uint32,int192,address,uint32,int192[],bytes,int192,bytes32,uint40)
RandomWordsFulfilled(uint256,uint256,uint96,bool)
PriceRecordUpdated(address,uint256)
RequestMaticXSwap(address,uint256,uint256,uint256)
ExecuteCall(address,bytes,uint256,bytes)
ProfitClaimed(address,uint256,uint256)
Burn(address,int24,int24,uint128,uint256,uint256)
Collect(address,address,int24,int24,uint128,uint128)
Mint(address,address,int24,int24,uint128,uint256,uint256)
MintBatch(address,uint256)
NewLevel(uint16)
NewOwnershipRoot(bytes32,uint256)
Profit(address,address,uint256,uint256)
FlashLoan(address,address,address,uint256,uint8,uint256,uint16)
OpenPosition(address,address,address,string,int256,int256,string[],uint256)
Process(uint32,bytes32,address)
ProcessId(bytes32)
TimestampEndPackSet(uint256,uint256,uint256)
RevenueMFS(uint256,uint256,uint256,uint256,bool,bool)
LostMoney(uint256,uint256,uint256,bool)
MFCPackIsActivated(uint256,uint256,uint256,uint256)
NFTUnstaked(address,address,uint256)
SwapOrderId(uint256)
OrderRecord(address,address,address,uint256,uint256)
LightAccountInitialized(address,address)
PromiseSettled(address,uint256,uint256,bytes32)
MinerOnboarded(address,address)
MintedTo(address,uint256,uint256)
ProspectingOrderPlaced(address,uint256)
OrderFilled(bytes32,address,address,uint256,uint256,uint256,uint256,uint256)
OrdersMatched(bytes32,address,uint256,uint256,uint256,uint256)
RandomBiomodMinted(address,uint256,uint256)
Supply(address,address,address,uint256,uint16)
LpFeeRateChange(uint256)
Route(address,address,address,address,uint256,uint256,uint256)
AssetSwapped(bytes32,address,address,address,uint256,uint256,uint256)
LoanIssued(address,uint256,uint256,uint256)
PromiseSettled(address,bytes32,address,uint256,uint256,bytes32)
BTXMinted(address,uint256,string,bool)
EventClaimBatch(uint256,uint256[],uint256[],address,address)
ERC1155Claim(uint96,uint96,uint256,address,uint256)
Unlocked(address,uint256,address,address)
ClaimAdminFee(address,uint256)
RemoveLiquidityOne(address,uint256,uint256,uint256)
RemoveLiquidityOne(address,uint256,uint256)
ComplexOpProcessed(uint64,bytes32,uint64,bytes32,uint8,uint8)
RequestReceived(bytes32,string)
MFCPackIsRenewed(uint256,uint256,uint256,uint256)
AavegotchiInteract(uint256,uint256)
ChannelAlchemica(uint256,uint256,uint256[4],uint256,uint256)
Reward(uint256,address)
RandomWordsRequested(bytes32,uint256,uint256,uint64,uint16,uint32,uint32,address)
BuyBox(address,uint256,uint256,address)
AuthorisedModule(address,bool)
WalletCreated(address,address,address,address,uint256)
RaffleEntered(uint256,address)
AssetsReceived(address,address,uint256,uint256)
RewardDistributed(address,uint256)
Checked(address,uint256)
Accrued(address,address,address,uint256,uint256,uint256)
RewardsClaimed(address,address[],uint256[])
ERC721SellOrderFilled(bytes32,address,address,uint256,address,uint256,(address,uint256)[],address,uint256)
OrderFulfilled(bytes32,address,address,address,(uint8,address,uint256,uint256)[],(uint8,address,uint256,uint256,address)[])
LogUseGelato1Balance(address,address,address,uint256,uint256,uint256,bytes32)
OrderCreated(uint256,uint256,uint256)
TransactionRelayed(address,address,address,bytes4,uint8,uint256)
OrderExecuted(uint256,uint256,uint256)
Permit(address,address,address,uint160,uint48,uint48)
FulfilledOrder((uint64,bytes,uint256,bytes,uint256,uint256,bytes,uint256,bytes,bytes,bytes,bytes,bytes,bytes),bytes32,address,address)
NonceChange(uint256,uint256)
TxExecuted(bytes32,uint256)
Log(address,string)
Approval(address,address,address,uint160,uint48)
PositionsMerge(address,address,bytes32,bytes32,uint256[],uint256)
SwappedV3(bytes16,address,uint256,address,address,address,address,uint256,uint256,uint256)
WithdrawNaka(address,uint256)
RewardsMinted(address,uint256)
TokenPurchasedAndMinted(address,address,uint256,address,uint256)
Send(address,address,bytes32,uint256)
Compounded(address,uint256,uint256)
RefBonusSent(address[31],uint256[31],uint256,address)
UpdatePool(uint256,uint256,uint256,uint256)
Flash(address,address,uint256,uint256,uint256,uint256)
RoundCreated(uint256)
Mint(uint256,uint256)
OtcOrderFilled(bytes32,address,address,address,address,uint128,uint128)
Swap(string,address)
Transfer(address,address,address,bytes32,bool,bytes)
DataChanged(bytes32,bytes)
Executed(uint256,bytes)
UniversalReceiver(address,bytes32,bytes,bytes)
Executed(uint256,address,uint256,bytes)
BettorWin(address,address,uint256,uint256)
QuestCompleted(address,uint256,uint256)
AccountRegistered(address,bytes32)
TransferFee(address,uint256)
PIXMinted(address,uint256,uint256,uint8,uint8)
PositionClosed(address,uint256,uint256,uint256)
PrizeClaimed(bytes32,address,uint256,uint256)
SpendSkillpoints(uint256,int16[4])
Claimed(uint256[],address,address,(uint8,address,bytes)[],address)
WasteOrderPlaced(address,uint256)
OwnerChanged(address,address,address)
AccountCreated(address,address,bytes,uint256)
FeesCollected(address,address,uint256,uint256)
Register(string,bytes32,uint256,address)
LiFiTransferStarted((bytes32,string,string,address,address,address,uint256,uint256,bool,bool))
NewFxMessage(address,address,bytes)
MessageProcessed(bytes,address)
AggregateRootReceived(bytes32)
Approve(address,uint256)
MintRequested(uint256,uint256,address,uint256)
Repay(address,address,address,uint256,bool)
TokenSent(address,address,uint256)
RequestToken(address,address,uint256)
FeePaid(address,uint256,address)
SessionChanged(address,bytes32,uint256)
ApplyArtifactSuccess(address,uint256,uint256,uint256)
ConsumptionExported(address,string,uint256[],uint256[],uint256,uint256,uint256)
Swap(uint256,uint256,uint256,uint256)
Invite(address,address)
AlreadyLinked(uint256,uint256,bool)
FollowNFTDeployed(uint256,address,uint256)
MintedMissionControl(address,uint256,uint256)
WasteOrderCompleted(address,uint256)
TokenSwap(bytes32,address,uint256,uint256,uint128,uint128)
Executed(bytes32,address,address,((uint32,uint32,uint32,address,address,bool,bytes,uint256,address,uint256,uint256,uint256,bytes32),address[],bytes[],address,bytes),address,uint256,address)
EventClaimCapped(uint256,uint256,uint256,address,address,uint256,uint256)
Withdrawal(address,address)
Exchange(address,uint256,address)
Swapped(address,address,address,address,uint256,uint256)
ClientData(bytes)
Match(bytes32,bytes32,uint256,uint256)
DepositEvent(address,address,uint256)
Transmitted(bytes32,uint32)
HarvestRewards(address,uint256)
PayoutRedemption(address,address,bytes32,bytes32,uint256[],uint256)
UpgradeSuccess(address,uint256)
BalanceAdded(uint256,address,uint256)
AutoCompounded(address,uint256,uint256,uint256,uint256,uint256,address,address)
OfferUpdated(address,uint256,uint256,uint256)
OrderFilled(bytes32,uint256)
NewRound(uint256,uint256,uint256,bool)
WinnerSelected(uint256,address,uint256)
MessageSent(bytes)
DepositForBurn(uint64,address,uint256,address,bytes32,uint32,bytes32,bytes32)
Slots_Play_Event(address,uint256,address,uint32,uint256,uint256,uint256)
ChargeMaintainerFee(address,bool,uint256)
Donate(uint256,bool)
SellBaseToken(address,uint256,uint256)
MintAndWithdraw(address,uint256,address)
MessageReceived(address,uint32,uint64,bytes32,bytes)
VotedToBless(uint32,address,(address,bytes32),uint8)
Attest(address,uint256)
TokenCreateRequested(address,uint256,uint16,uint8,uint256)
ClaimToken(uint256,address,uint256)
ClaimTokens(uint256,address,uint256,uint256,uint256[])
Borrow(address,address,address,uint256,uint8,uint256,uint16)
DailyTrackerCheckInDone(address,uint256,string)
TokensPurchase(address,address,uint256[],uint256[],uint256[],address[],uint256[])
MissionStarted(address,uint256,string,string)
Slots_Outcome_Event(address,uint256,uint256,address,uint16[],uint256[],uint256[],uint32)
ConditionStopped(uint256,bool)
TokenOperation(address,string,uint256,uint256)
EventsCarvedWithPermit(address,address,uint256[],uint256[])
Link(uint256,uint256,bool)
Collect(address,address,uint256,bytes)
Swap(uint8,address,address,uint256,uint256,uint256,uint256,bytes)
Unwrap(uint256,uint256,bytes)
Withdraw(address,address,uint256,uint256,bytes)
Executed()
WhitelistSaleTimeChanged(uint256)
AssetUpdated(uint256,uint256)
Swap(address,address,address,uint256,address,uint256)
LiabilityUpdated(uint256,uint256)
NFTPlaced(address,address,uint256,int256,int256)
Added(address,address,uint256,string)
HorseRegistered(bytes32,address,uint256,uint256)
Bind(address,address)
LogVoter(uint256,address,uint256)
LogMint(address,uint256,uint256,uint256)
SocketSwapTokens(address,address,uint256,uint256,bytes32,address,bytes32)
SocketBridge(uint256,address,uint256,bytes32,address,address,bytes32)
CurrentLiquidityChanged(address,uint256)
Deposit(address,address,address,uint256,uint256,uint256,string)
DistributionClaimed(address,address)
BTXRewardUsed(address,uint256,string)
RewardsConsumed(address,uint256)
BTXBurned(address,uint256,string)
SaleTimeChanged(uint256)
WooSwap(address,address,uint256,uint256,address,address,address,uint256,uint256)
PredictionsStartRound(uint256,uint256)
TokenCreated(address,uint256,uint256)
BoughtV3(bytes16,address,uint256,address,address,address,address,uint256,uint256,uint256)
Erc1155OrderCancelled(uint256,uint256,address,uint256,uint256,uint256)
LatestAnswerUpdated(uint256,uint256)
ZeroBurn(uint8,uint256,uint256)
DailyLogin((address,uint256,string,string))
NFTMinted(uint256,address,uint256,uint256,address,address,uint256,uint256,string)
PositionSplit(address,address,bytes32,bytes32,uint256[],uint256)
ItemListed(address,address,uint256,uint256)
Payout(address,address,uint256,uint256,uint256,uint8,uint8,uint256,uint256)
RolaMinted(address,uint256)
SCRLocked(uint256,uint256)
NewPolicy(address,(uint256,uint256,uint256,uint256,uint256,uint256,uint256,uint256,uint256,uint256,uint256,address,uint40,uint40))
NewSignedPolicy(uint256,bytes32)
DebtChanged(int256)
Withdraw(uint256,address,address,uint256,uint256,uint256)
NonceUpdated(address,uint256,uint256)
ListingCreated(bool,address,uint256,string,uint256,uint256,address)
WalletCreated(address)
LogDeposit(address,address,address,uint256,uint256)
LogWithdraw(address,address,address,uint256,uint256)
Sync(uint256,uint256)
OpenBox(address,uint256,uint256)
OffsetFinished(address,uint256,uint256)
OffsetCertificateMinted(uint256)
RaceCreated(string)
OrderFilled(address,bytes32,uint256)
EndRound(uint256)
CreateRound(uint256)
StartRound(uint256)
ClaimedTMHC(address,uint16[])
TransitSwapped(address,address,address,uint256,uint256,uint256,string)
Upgrade(uint256,uint256,uint256,uint256,uint256)
PlayGame(uint256,address)
Registration(address,uint256,uint256,uint256)
BridgedDeposit(address,address,uint256)
TransferRedeemed(uint16,bytes32,uint64)
ExecutorFeePaid(address,uint256)
EventClaim(uint256,address,uint256,uint256,address)
SendToChain(uint16,address,bytes32,uint256)
NewRolaGramMinted(address,uint256)
Admission(address,string,uint256)
RequestClaimFacility(address,uint256)
Swap(address,address,address[],uint256,uint256,uint8,uint256,address)
Swap(address,uint256,address,uint256,address,int256,uint32)
ExchangePos(address,uint256,address,uint256)
UpdateMarketIndex(address,address,uint256,uint256,uint256)
EventClaimBatchCapped(uint256,uint256[],uint256[],address,address,uint256,uint256)
NFTStaked(address,address,uint256)
Withdraw(address,address,uint256,bool)
BurnToken(address,uint256,uint256)
EnergyIsSet(uint256,uint256)
OrderFilledRFQ(bytes32,uint256)
FeeTaken(address,address,uint256,uint256)
MintEvent(uint256,uint256,string)
UsdPerUnitGasUpdated(uint64,uint256,uint256)
Erc1155OrderCreated(uint256,uint256,uint256,address,uint256,uint256,uint256,uint256,bool)
Wrap(uint256,uint256,bytes)
SwappedDirect(bytes16,address,uint256,address,uint8,address,address,address,uint256,uint256,uint256)
Fill(bytes32,address,address,uint256)
CollectNFTDeployed(uint256,uint256,address,uint256)
DepositETH(address,address,uint256)
CreateRock(address,uint256,uint256[])
DODOFlashLoan(address,address,uint256,uint256)
DODOSwap(address,address,uint256,uint256,address,address)
Quote(bytes32,uint256,uint256)
PXPChanged(uint256,uint256)
RewardsClaimed(address,(uint256,uint256,(uint256,uint256)[],uint8[],bytes32[]),string)
CrossMulticallExecuted(bytes32)
Redeemed(uint16,bytes32,uint64)
Action(address,int64)
SlotChanged(uint256,uint256,uint256)
TransferValue(uint256,uint256,uint256)
ChargePaid((uint256,uint8,address,address,address))
ForwardResult(bool)
CancelOrder(uint256)
TaggedRootBlessed(uint32,(address,bytes32),uint16)
TransferTo(address,address,uint256)
MessageExecuted(bytes32,uint64,address,bytes32)
ExecutionStateChanged(uint64,bytes32,uint8,bytes)
TransferSent(bytes32,uint256,address,uint256,bytes32,uint256,uint256,uint256,uint256)
CallResult(address,bool,bytes)
RangoBridgeInitiated(address,address,uint256,address,uint256,bool,bool,uint8,uint16)
RubicTransferStarted((bytes32,string,address,address,address,address,address,address,uint256,uint256,bool,bool))
Deposit(address,address,uint256,address,uint256)
BlockAdded(uint256,bytes32,bytes32,address)
BlockFinalized(uint256,bytes32,bytes32,address,uint256,uint256)
RegisteredIdentity(address,address)
ConsumerChannelCreated(address,address,address)
SocketFeesDeducted(uint256,address,address)
WithdrawEvent(uint256,uint256)
VoucherUsed(address,uint8,bytes32,uint32)
LoanCanceled(address,address[],uint256[],uint256)
OFTReceived(bytes32,uint32,address,uint256)
LoanableItemCreated(uint256,address,address[],uint256[],uint256,uint8,uint256,address,uint8,string,uint256)
PlaceFacilityUpgradeOrder(address,uint256,uint256,uint256)
Blocked(uint256)
NewURI(uint256,string)
ImplementationUpdated(address)
ImageHashUpdated(bytes32)
SwapCalculations(uint256,address)
Swap(address,address,address,address,int256,int256,uint256,bytes16)
Minted(address,uint256,uint256,uint64,uint256)
AlchemicaClaimed(uint256,uint256,uint256,uint256,uint256,uint256)
LogMessagePublished(address,uint64,uint32,bytes,uint8)
Fee(address,uint256,uint256,address[],uint256[],bool)
MarketingReferrerChanged(uint256,uint256)
Expiration(uint256,uint256)
ContributionUpdated(address,uint256,uint256)
WooRouterSwap(uint8,address,address,uint256,uint256,address,address,address)
UpdateEMA(uint256,uint256,uint128,uint256)
Sync(uint256,uint256,uint256,uint256)
Swap(address,uint256,uint256,uint256,uint256,address,uint256)
ClaimedMultipleTokens(address,(uint256[],uint256[],address)[],(uint256[],address)[],(uint256[],address[]),bytes32)
TransferRelayerFeesIncreased(bytes32,uint256,address,address)
LeafInserted(bytes32,uint256,bytes32)
Dispatch(bytes32,uint256,bytes32,bytes)
XCalled(bytes32,uint256,bytes32,(uint32,uint32,uint32,address,address,bool,bytes,uint256,address,uint256,uint256,uint256,bytes32),address,uint256,address,bytes)
BridgedWithdrawal(address,address,uint256,string)
PayloadUpdated(uint256)
RequestToken(address,uint256,address)
ReceiveFromChain(uint16,uint64,uint256)
SeaDropTokenDeployed(uint8)
OddsChanged(uint256,uint256[])
Supply(address,address,uint256)
Receipt(address,uint256)
NewBet(address,address,uint256,uint256,uint64,uint128,uint256,uint128[])
GetTicket(address,uint256)
RaceCreated(bytes32,uint256,uint256)
Send(address,uint256,bytes32)
ParticipateLottery(address,uint256)
BridgingFeeFromTokens(uint256)
SwappedToVUsd(address,address,uint256,uint256,uint256)
MessageSent(bytes32)
TokensSent(uint256,bytes32,uint256,bytes32,uint256,uint8)
ReceiveFee(uint256,uint256)
Nullified(uint256)
NativeGasPaidForContractCallWithToken(address,string,string,bytes32,string,uint256,uint256,address)
ContractCallWithToken(address,string,string,bytes32,bytes,string,uint256)
TokenReturned(address,address,uint256)
NFTRemoved(address,address,address,uint256,uint256,int256,int256)
RequiredSignersSet(uint8)
SignerMappingAdded(address,address)
AvocadoDeployed(address,uint32,uint16,address)
CastExecuted(address,address,address[],bytes)
Executed(address,uint32,address,address,bytes)
Take(uint256,uint256)
GameStart(uint256,address)
Executed(address,address,uint256,bytes)
Redeem(address,uint256,address,bytes32,string)
RewardClaimedToken(address,uint256,uint256)
RewardClaimed(uint256,address)
LogClaimMaterialObject(address,uint256,uint256,uint256)
LogGetMaterialObject(address,uint256)
TokenExchange(address,uint256,uint256,uint256,uint256)
AddLiquidity(address,uint256[3],uint256[3],uint256,uint256)